CollectionID,Option
CM100739,WD7T1600
CM100024,WD7T1600
CM100025,WD7T1600
CM100491,WD7T1600
CM100492,WD7T1600
CM100493,WD7T1600
CM100494,WD7T1600
CM100495,WD7T1600
CM100496,WD7T1600
CM100497,WD7T1600
CM100498,WD7T1600
CM100499,WD7T1600
CM10049A,WD7T1600
CM10049B,WD7T1600
CM10049C,WD7T1600
CM10049D,WD7T1600
CM10049E,WD7T1600
CM10049F,WD7T1600
CM1004A0,WD7T1600
CM1004A1,WD7T1600
CM1004A2,WD7T1600
CM1004A3,WD7T1600
CM1004A4,WD7T1600
CM1004A6,WD7T1600
CM1004A7,WD7T1600
CM1004A9,WD7T1600
CM1004AA,WD7T1600
CM1004BC,WD7T1600
CM1004C6,WD7T1600
CM1004C7,WD7T1600
CM1004C8,WD7T1600
CM1004CA,WD7T1600
CM1004CB,WD7T1600
CM1004CC,WD7T1600
CM1004CD,WD7T1600
CM1004CE,WD7T1600
CM1004CF,WD7T1600
CM1004D0,WD7T1600
CM1004D1,WD7T1600
CM1004D2,WD7T1600
CM1004D3,WD7T1600
CM1004D4,WD7T1600
CM1004DB,WD7T1600
CM10050E,WD7T1600
CM10050F,WD7T1600
CM100510,WD7T1600
CM100755,WD7T1600
CM100882,WD7T1600
CM100883,WD7T1600
CM100884,WD7T1600
CM100885,WD7T1600
CM100886,WD7T1600
CM100887,WD7T1600
CM100888,WD7T1600
CM100889,WD7T1600
CM10088B,WD7T1600
CM10088C,WD6T2200
CM100893,WD6T2200
CM10089B,WD6T2200
CM10089C,WD6T2200
CM10089D,WD6T2200
CM10089E,WD6T2200
CM10089F,WD6T2200
CM1008A0,WD6T2200
CM1008A2,WD6T2200
CM1008A3,WD6T2200
CM1008A4,WD6T2200
CM1008A5,WD6T2200
CM1008A6,WD6T2200
CM1008A7,WD6T2200
CM1008A8,WD6T2200
CM1008A9,WD6T2200
CM1008AA,WD6T2200
CM1008AB,WD6T2200
CM1008AC,WD6T2200
CM1008AD,WD6T2200
CM1008AE,WD6T2200
CM1008AF,WD6T2200
CM1008B0,WD6T2200
CM1008B1,WD6T2200
CM1008B2,WD6T2200
CM1008B3,WD6T2200
CM1008B4,WD6T2200
CM1008B5,WD6T2200
CM1008B6,WD6T2200
CM1008B7,WD6T2200
CM100958,WD6T2200
CM10095A,WD6T2200
CM10095C,WD6T2200
CM10095D,WD6T2200
CM10095E,WD6T2200
CM10095F,WD6T2200
CM100960,WD6T2200
CM100961,WD6T2200
CM100962,WD6T2200
CM100963,WD6T2200
CM100964,WD6T2200
CM100965,WD6T2200
CM100966,WD6T2200
CM100967,WD6T2200
CM10085B,WD6T2200
CM100986,WD6T2200
CM100987,WD6T2200
CM100846,WD6T2200
CM10098A,WD6T0400
CM100995,WD6T0400
CM1008CE,WD6T0400
CM100897,WD6T0400
CM100772,WD6T0400
CM100754,WD6T0400
CM10085E,WD6T0400
CM100308,WD6T0400
CM1007CD,WD6T0400
CM100751,WD6T0400
CM100283,WD6T0400
CM1008BB,WD6T0400
CM1008E2,WD6T0400
CM10087B,WD6T0400
CM100833,WD6T0400
CM100860,WD6T0400
CM100316,WD6T0400
CM10080B,WD6T0400
CM10073A,WD6T0400
CM100744,WD6T0400
CM1002C3,WD6T0400
CM100941,WD6T0400
CM10087E,WD6T0400
CM100902,WD6T0400
CM100991,WD6T0400
CM100992,WD6T0400
CM100831,WD6T0400
CM1007EA,WD6T0400
CM10030A,WD6T0400
CM10030B,WD6T0400
CM10075F,WD6T0400
CM10080A,WD6T0400
CM10092C,WD6T0400
CM100930,WD6T0400
CM10092B,WD6T0400
CM10092F,WD6T0400
CM100781,WD6T0400
CM100561,WD6T0400
CM1006FC,WD6T0400
CM100862,WD6T0400
CM1006C6,WD6T0400
CM10090F,WD6T0400
CM10098C,WD6T0400
CM100990,WD6T0400
CM100938,WD6T0400
CM10045A,WD6T0400
CM1007F6,WD6T0400
CM1003F1,WD6T0400
CM10088F,WD6T0400
CM100948,WD6T0400
CM1007DF,WD6T0400
CM1003C4,WD6T0400
CM100796,WD6T0400
CM1003A4,WD6T0400
CM10046E,WD6T0400
CM1003D1,WD6T0400
CM10035C,WD6T0400
CM10037C,WD6T0400
CM1003F0,WD6T0400
CM100422,WD6T0400
CM100435,WD6T0400
CM1007F2,WD6T0400
CM10041F,WD6T0400
CM100473,WD6T0400
CM100400,WD6T0400
CM100415,WD6T0400
CM1002E5,D3S3T0000
CM10093E,D3S3T0000
CM1008C9,D3S3T0000
CM1002B9,D3S3T0000
CM1008FE,D3S3T0000
CM100798,D3S3T0000
CM100307,D3S3T0000
CM100843,D3S3T0000
CM100792,D3S3T0000
CM10019F,D3S3T0000
CM100839,D3S3T0000
CM100821,D3S3T0000
CM100305,D3S3T0000
CM1007FE,D3S3T0000
CM1008ED,D3S3T0000
CM1008B8,D3S3T0000
CM10072F,D3S3T0000
CM100303,D3S3T0000
CM10026B,D3S3T0000
CM1007FF,D3S3T0000
CM100824,D3S3T0000
CM100826,D3S3T0000
CM100835,D3S3T0000
CM1008F2,D3S3T0000
CM100946,D3S3T0000
CM100901,D3S3T0000
CM1008E9,D3S3T0000
CM1008CF,D3S3T0000
CM1007FA,D3S3T0000
CM1007F4,D3S3T0000
CM100918,D3S3T0000
CM100972,D3S3T0000
CM1001CE,D3S3T0000
CM1002B7,D3S3T0000
CM100284,D3S3T0000
CM100899,D3S3T0000
CM10089A,D3S3T0000
CM100969,D3S3T0000
CM10042F,D3S3T0000
CM1002A9,D3S3T0000
CM100428,D3S3T0000
CM100434,D3S3T0000
CM1002C4,D3S3T0000
CM100278,D3S3T0000
CM1003FB,D3S3T0000
CM100279,D3S3T0000
CM1003FE,D3S3T0000
CM10027F,D3S3T0000
CM1003FD,D3S3T0000
CM1001E6,D3S3T0000
CM1003F9,D3S3T0000
CM1002C9,D3S3T0000
CM1002AC,D3S3T0000
CM10042A,D3S3T0000
CM1003F5,D3S3T0000
CM10096A,D3S3T0000
CM100265,D3S3T0000
CM1003E4,D3S3T0000
CM1002AE,D3S3T0000
CM1002C8,D3S3T0000
CM1007F9,D3S3T0000
CM100799,D3S3T0000
CM100998,D3S3T0000
CM100791,D3S3T0000
CM100812,D3S3T0000
CM100931,D3S3T0000
CM1008BE,D3S3T0000
CM100302,D3S3T0000
CM1008F6,D3S3T0000
CM1008CD,D3S3T0000
CM100977,D3S3T0000
CM1008D7,D3S3T0000
CM1002DC,D3S2T2100
CM1002EC,D3S2T2100
CM1001BE,D3S2T2100
CM10019E,D3S2T2100
CM1001B7,D3S2T2100
CM1002D9,D3S2T2100
CM10023A,D3S2T2100
CM1002C0,D3S2T2100
CM100306,D3S2T2100
CM1002DF,D3S2T2100
CM10029D,D3S2T2100
CM1002C2,D3S2T2100
CM100294,D3S2T2100
CM100214,D3S2T2100
CM100028,D3S2T2100
CM1001CC,D3S2T2100
CM100027,D3S2T2100
CM1001C6,D3S2T2100
CM1001CB,D3S2T2100
CM100982,D3S2T2100
CM1001AB,D3S2T2100
CM100224,D3S2T2100
CM10030D,D3S2T2100
CM100237,D3S2T2100
CM1001F0,D3S2T2100
CM100735,D3S2T2100
CM1001F1,D3S2T2100
CM1002E4,D3S2T2100
CM100949,D3S2T2100
CM1001CF,D3S2T2100
CM100315,D3S2T2100
CM1001B5,D3S2T2100
CM10024A,D3S2T2100
CM100218,D3S2T2100
CM100234,D3S2T2100
CM1001D4,D3S2T2100
CM10048B,D3S2T2100
CM10028B,D3S2T2100
CM10020C,D3S2T2100
CM100233,D3S2T2100
CM100318,D3S2T2100
CM100236,D3S2T2100
CM100293,D3S2T2100
CM1002FD,D3S2T2100
CM100914,D3S2T2100
CM100841,D3S2T2100
CM1008DE,D3S2T2100
CM1001A1,D3S2T2100
CM100250,D3S2T2100
CM1002B8,D3S2T2100
CM1002B2,D3S2T2100
CM100225,D3S2T1800
CM100215,D3S2T1800
CM1002DD,D3S2T1800
CM100201,D3S2T1800
CM10090B,D3S2T1800
CM100309,D3S2T1800
CM1001AD,D3S2T1800
CM1001A3,D3S2T1800
CM1002A2,D3S2T1800
CM100263,D3S2T1800
CM10027B,D3S2T1800
CM10086F,D3S2T1800
CM1002B0,D3S2T1800
CM10078C,D3S2T1800
CM100763,D3S2T1800
CM10076C,D3S2T1800
CM100762,D3S2T1800
CM100229,D3S2T1800
CM10024D,D3S2T1800
CM1008F5,D3S2T1800
CM10023B,D3S2T1800
CM1001F9,D3S2T1800
CM100243,D3S2T1800
CM100247,D3S2T1800
CM1001DA,D3S2T1800
CM10028A,D3S2T1800
CM10025C,D3S2T1800
CM100756,D3S2T1800
CM100802,D3S2T1800
CM1008B9,D3S2T1800
CM10087C,D3S2T1800
CM100204,D3S2T1800
CM1002C5,D3S2T1800
CM100853,D3S2T1800
CM100910,D3S2T1800
CM1007D9,D3S2T1800
CM100245,D3S2T1800
CM10030F,D3S2T1800
CM100749,D3S2T1800
CM10083B,D3S2T1800
CM10083D,D3S2T1800
CM100282,D3S2T1800
CM100877,D3S2T1800
CM100297,D3S2T1800
CM1002A0,D3S2T1800
CM10077F,D3S2T1800
CM1001A4,D3S2T1800
CM10025B,D3S2T1800
CM10021E,D3S2T1800
CM100225,D3S2T0300
CM100215,D3S2T0300
CM1002DD,D3S2T0300
CM100201,D3S2T0300
CM10090B,D3S2T0300
CM100309,D3S2T0300
CM1001AD,D3S2T0300
CM1001A3,D3S2T0300
CM1002A2,D3S2T0300
CM100263,D3S2T0300
CM10027B,D3S2T0300
CM10086F,D3S2T0300
CM1002B0,D3S2T0300
CM10078C,D3S2T0300
CM100763,D3S2T0300
CM10076C,D3S2T0300
CM100762,D3S2T0300
CM100229,D3S2T0300
CM10024D,D3S2T0300
CM1008F5,D3S2T0300
CM10023B,D3S2T0300
CM1001F9,D3S2T0300
CM100243,D3S2T0300
CM100247,D3S2T0300
CM1001DA,D3S2T0300
CM10028A,D3S2T0300
CM10025C,D3S2T0300
CM100756,D3S2T0300
CM100802,D3S2T0300
CM1008B9,D3S2T0300
CM10087C,D3S2T0300
CM100204,D3S2T0300
CM1002C5,D3S2T0300
CM100853,D3S2T0300
CM100910,D3S2T0300
CM1007D9,D3S2T0300
CM100245,D3S2T0300
CM10030F,D3S2T0300
CM100749,D3S2T0300
CM10083B,D3S2T0300
CM10083D,D3S2T0300
CM100282,D3S2T0300
CM100877,D3S2T0300
CM100297,D3S2T0300
CM1002A0,D3S2T0300
CM10077F,D3S2T0300
CM1001A4,D3S2T0300
CM10025B,D3S2T0300
CM10021E,D3S2T0300
CM100225,D3S4T0000
CM100215,D3S4T0000
CM1002DD,D3S4T0000
CM100201,D3S4T0000
CM10090B,D3S4T0000
CM100309,D3S4T0000
CM1001AD,D3S4T0000
CM1001A3,D3S4T0000
CM1002A2,D3S4T0000
CM100263,D3S4T0000
CM10027B,D3S4T0000
CM10086F,D3S4T0000
CM1002B0,D3S4T0000
CM10078C,D3S4T0000
CM100763,D3S4T0000
CM10076C,D3S4T0000
CM100762,D3S4T0000
CM100229,D3S4T0000
CM10024D,D3S4T0000
CM1008F5,D3S4T0000
CM10023B,D3S4T0000
CM1001F9,D3S4T0000
CM100243,D3S4T0000
CM100247,D3S4T0000
CM1001DA,D3S4T0000
CM10028A,D3S4T0000
CM10025C,D3S4T0000
CM100756,D3S4T0000
CM100802,D3S4T0000
CM1008B9,D3S4T0000
CM10087C,D3S4T0000
CM100204,D3S4T0000
CM1002C5,D3S4T0000
CM100853,D3S4T0000
CM100910,D3S4T0000
CM1007D9,D3S4T0000
CM100245,D3S4T0000
CM10030F,D3S4T0000
CM100749,D3S4T0000
CM10083B,D3S4T0000
CM10083D,D3S4T0000
CM100282,D3S4T0000
CM100877,D3S4T0000
CM100297,D3S4T0000
CM1002A0,D3S4T0000
CM10077F,D3S4T0000
CM1001A4,D3S4T0000
CM10025B,D3S4T0000
CM10021E,D3S4T0000
CM10025D,D3S3T2100
CM100904,D3S3T2100
CM1007CA,D3S3T2100
CM100261,D3S3T2100
CM1002A1,D3S3T2100
CM10027D,D3S3T2100
CM1001C4,D3S3T2100
CM100269,D3S3T2100
CM100787,D3S3T2100
CM10022A,D3S3T2100
CM1008C7,D3S3T2100
CM1001E5,D3S3T2100
CM100767,D3S3T2100
CM1001BC,D3S3T2100
CM100859,D3S3T2100
CM1001CA,D3S3T2100
CM100310,D3S3T2100
CM1002EA,D3S3T2100
CM100837,D3S3T2100
CM1002D2,D3S3T2100
CM10091D,D3S3T2100
CM1001AE,D3S3T2100
CM1001E4,D3S3T2100
CM10094D,D3S3T2100
CM1001E7,D3S3T2100
CM100956,D3S3T2100
CM1008FB,D3S3T2100
CM100232,D3S3T2100
CM1002C1,D3S3T2100
CM10024C,D3S3T2100
CM100271,D3S3T2100
CM100989,D3S3T2100
CM1001EF,D3S3T2100
CM100828,D3S3T2100
CM10020A,D3S3T2100
CM100289,D3S3T2100
CM10030E,D3S3T2100
CM1002A3,D3S3T2100
CM10088E,D3S3T2100
CM10048E,D3S3T2100
CM1001F4,D3S3T2100
CM10027A,D3S3T2100
CM100267,D3S3T2100
CM10080E,D3S3T2100
CM100916,D3S3T2100
CM100268,D3S3T2100
CM1001AF,D3S3T2100
CM1001EC,D3S3T2100
CM10027E,D3S3T2100
CM100213,D3S3T1800
CM1002DA,D3S3T1800
CM1008EB,D3S3T1800
CM1001DE,D3S3T1800
CM100822,D3S3T1800
CM1001CD,D3S3T1800
CM1001A5,D3S3T1800
CM1001DB,D3S3T1800
CM100255,D3S3T1800
CM100216,D3S3T1800
CM1002E8,D3S3T1800
CM100266,D3S3T1800
CM1002FC,D3S3T1800
CM1001D9,D3S3T1800
CM100254,D3S3T1800
CM1001C8,D3S3T1800
CM1002DB,D3S3T1800
CM10024E,D3S3T1800
CM100317,D3S3T1800
CM10020B,D3S3T1800
CM1002C7,D3S3T1800
CM100273,D3S3T1800
CM1007A6,D3S3T1800
CM1007A8,D3S3T1800
CM100871,D3S3T1800
CM100923,D3S3T1800
CM100260,D3S3T1800
CM10025A,D3S3T1800
CM10080F,D3S3T1800
CM100257,D3S3T1800
CM1001D8,D3S3T1800
CM100270,D3S3T1800
CM10026D,D3S3T1800
CM10026E,D3S3T1800
CM10026F,D3S3T1800
CM1008D3,D3S3T1800
CM10092D,D3S3T1800
CM1001D0,D3S3T1800
CM100296,D3S3T1800
CM1007DE,D3S3T1800
CM1008CA,D3S3T1800
CM100867,D3S3T1800
CM100920,D3S3T1800
CM100205,D3S3T1800
CM10096E,D3S3T1800
CM1001B0,D3S3T1800
CM10022D,D3S3T1800
CM100970,D3S3T1800
CM100207,D3S3T1800
CM100272,D3S3T0300
CM1001FA,D3S3T0300
CM100935,D3S3T0300
CM10023D,D3S3T0300
CM10021A,D3S3T0300
CM1007D3,D3S3T0300
CM100244,D3S3T0300
CM100311,D3S3T0300
CM100240,D3S3T0300
CM1001C5,D3S3T0300
CM100209,D3S3T0300
CM1001F6,D3S3T0300
CM100890,D3S3T0300
CM1008FF,D3S3T0300
CM1002E9,D3S3T0300
CM100880,D3S3T0300
CM1002E7,D3S3T0300
CM10020E,D3S3T0300
CM1002A8,D3S3T0300
CM1001EE,D3S3T0300
CM1001BD,D3S3T0300
CM1004C1,D3S3T0300
CM1008C2,D3S3T0300
CM1002D1,D3S3T0300
CM10020D,D3S3T0300
CM10074E,D3S3T0300
CM1002B4,D3S3T0300
CM100259,D3S3T0300
CM100208,D3S3T0300
CM10023F,D3S3T0300
CM1008D1,D3S3T0300
CM1002CF,D3S3T0300
CM1002CA,D3S3T0300
CM1002F1,D3S3T0300
CM1002F3,D3S3T0300
CM1002F2,D3S3T0300
CM1002EF,D3S3T0300
CM1002EE,D3S3T0300
CM1008DA,D3S3T0300
CM1002ED,D3S3T0300
CM1008C0,D3S3T0300
CM1002F0,D3S3T0300
CM1001D7,D3S3T0300
CM10097D,D3S3T0300
CM1002AF,D3S3T0300
CM100221,D3S3T0300
CM1002AA,D3S3T0300
CM100242,D3S3T0300
CM100202,D3S3T0300
CM100230,D3S1T1800
CM1008C5,D3S1T1800
CM100295,D3S1T1800
CM10083F,D3S1T1800
CM100975,D3S1T1800
CM100301,D3S1T1800
CM100953,D3S1T1800
CM100952,D3S1T1800
CM1007DD,D3S1T1800
CM100814,D3S1T1800
CM1001B8,D3S1T1800
CM100275,D3S1T1800
CM1001BF,D3S1T1800
CM1001F5,D3S1T1800
CM100231,D3S1T1800
CM100203,D3S1T1800
CM10029A,D3S1T1800
CM100280,D3S1T1800
CM100238,D3S1T1800
CM10026A,D3S1T1800
CM1007DB,D3S1T1800
CM10028F,D3S1T1800
CM1002CB,D3S1T1800
CM100223,D3S1T1800
CM100806,D3S1T1800
CM100782,D3S1T1800
CM100219,D3S1T1800
CM1002D5,D3S1T1800
CM1002BD,D3S1T1800
CM100220,D3S1T1800
CM1001BA,D3S1T1800
CM1002FB,D3S1T1800
CM1002BC,D3S1T1800
CM10086C,D3S1T1800
CM1001A0,D3S1T1800
CM100304,D3S1T1800
CM1007D1,D3S1T1800
CM10029B,D3S1T1800
CM100290,D3S1T1800
CM100944,D3S1T1800
CM100212,D3S1T1800
CM10021F,D3S1T1800
CM1001C2,D3S1T1800
CM100211,D3S1T1800
CM10078F,D3S1T1800
CM10084E,D3S1T1800
CM100288,D3S1T1800
CM100285,D3S1T1800
CM100226,D3S1T1800
CM1001FC,D3S1T2100
CM10093F,D3S1T2100
CM1001A6,D3S1T2100
CM100029,D3S1T2100
CM1002FE,D3S1T2100
CM1002E0,D3S1T2100
CM1002EB,D3S1T2100
CM1001EB,D3S1T2100
CM10024F,D3S1T2100
CM1001B9,D3S1T2100
CM1001C1,D3S1T2100
CM100314,D3S1T2100
CM10022E,D3S1T2100
CM1002F5,D3S1T2100
CM100222,D3S1T2100
CM100249,D3S1T2100
CM1001F7,D3S1T2100
CM1002E1,D3S1T2100
CM100895,D3S1T2100
CM1002D3,D3S1T2100
CM100745,D3S1T2100
CM10084B,D3S1T2100
CM100732,D3S1T2100
CM1001C7,D3S1T2100
CM100217,D3S1T2100
CM1002D8,D3S1T2100
CM10002A,D3S1T2100
CM100737,D3S1T2100
CM1008F9,D3S1T2100
CM1001FD,D3S1T2100
CM1002C6,D3S1T2100
CM10048D,D3S1T2100
CM1007FC,D3S1T2100
CM1007AC,D3S1T2100
CM10025E,D3S1T2100
CM1004BF,D3S1T2100
CM100241,D3S1T2100
CM10073B,D3S1T2100
CM100746,D3S1T2100
CM10020F,D3S1T2100
CM10029F,D3S1T2100
CM1002AB,D3S1T2100
CM1007C3,D3S1T2100
CM10093A,D3S1T2100
CM10093C,D3S1T2100
CM10019C,D3S1T2100
CM100865,D3S1T2100
CM100228,D3S1T2100
CM10079D,D3S1T2100
CM10030C,D3S2T0000
CM1001B2,D3S2T0000
CM1001B4,D3S2T0000
CM10097F,D3S2T0000
CM1007E7,D3S2T0000
CM1002CD,D3S2T0000
CM1001DD,D3S2T0000
CM100239,D3S2T0000
CM10072B,D3S2T0000
CM10096C,D3S2T0000
CM1001A7,D3S2T0000
CM1002DE,D3S2T0000
CM10097B,D3S2T0000
CM1001A8,D3S2T0000
CM1001D1,D3S2T0000
CM100769,D3S2T0000
CM100286,D3S2T0000
CM100299,D3S2T0000
CM1001FB,D3S2T0000
CM1008D5,D3S2T0000
CM10086A,D3S2T0000
CM1002F6,D3S2T0000
CM1002BF,D3S2T0000
CM10019D,D3S2T0000
CM100954,D3S2T0000
CM1001DF,D3S2T0000
CM1002A5,D3S2T0000
CM10026C,D3S2T0000
CM100253,D3S2T0000
CM100248,D3S2T0000
CM100894,D3S2T0000
CM1002FF,D3S2T0000
CM100235,D3S2T0000
CM10022B,D3S2T0000
CM100808,D3S2T0000
CM1001E3,D3S2T0000
CM1001A9,D3S2T0000
CM10021B,D3S2T0000
CM1001E2,D3S2T0000
CM1001E1,D3S2T0000
CM100287,D3S2T0000
CM100206,D3S2T0000
CM1002A7,D3S2T0000
CM1002A4,D3S2T0000
CM1001F8,D3S2T0000
CM100276,D3S2T0000
CM10029C,D3S2T0000
CM1002BB,D3S2T0000
CM10027C,D3S2T0000
CM1001D6,D3S2T0000
CM1001DC,D3S2T0000
CM1001ED,D3S2T0000
CM1001D5,D3S2T0000
CM100942,D3S2T0000
CM1007CB,D3S2T0000
CM10077B,D3S2T0000
CM1001AA,D3S2T0000
CM10085C,D3S2T0000
CM1002D7,D3S2T0000
CM100974,D3S2T0000
CM10021C,D3S2T0000
CM100291,D3S2T0000
CM10024B,D3S2T0000
CM100730,D3S2T0000
CM100026,D3S2T0000
CM100934,D3S2T0000
CM10094F,D3S2T0000
CM100292,D3S2T0000
CM1001FF,D3S2T0000
CM100298,D3S2T0000
CM1007A4,D3S2T0000
CM1008EE,D3S2T0000
CM100210,D3S2T0000
CM1001B6,D3S2T0000
CM100819,D3S2T0000
CM10082D,D3S2T0000
CM100200,D3S2T0000
CM1007A0,D3S2T0000
CM100274,D3S2T0000
CM1001D2,D3S2T0000
CM10076F,D3S2T0000
CM1002E3,D3S2T0000
CM100978,D3S2T0000
CM100251,D3S2T0000
CM10091B,D3S2T0000
CM1007E0,D3S2T0000
CM1001E0,D3S2T0000
CM1002F4,D3S2T0000
CM1002F7,D3S2T0000
CM1002A6,D3S2T0000
CM10079A,D3S2T0000
CM1002CC,D3S2T0000
CM10023C,D3S2T0000
CM1001BB,D3S2T0000
CM1001F3,D3S2T0000
CM10082A,D3S2T0000
CM1007AA,D3S2T0000
CM1007AE,D3S2T0000
CM1007AF,D3S2T0000
CM10078E,D3S2T0000
